ID,query,insight,confidence,agentType,dataSource,recommendations,priority,status,tags,createdAt,modifiedAt
1,"What is our current GHG emission reduction progress?","CCEP has achieved 16.9% GHG emission reduction globally, with Europe leading at 18.5% and Asia Pacific at 14.8%. The company is 56.3% of the way to its 30% reduction target by 2030. Current trajectory suggests target achievement is feasible with accelerated efforts in Asia Pacific operations.",0.92,EmissionAgent,"EmissionData, KPITracking","Accelerate renewable energy adoption in Asia Pacific, implement energy efficiency measures, optimize transportation logistics",High,Reviewed,"emissions, progress, targets",2024-10-15T09:15:00Z,2024-10-15T10:30:00Z
2,"How can we improve collection rates in Asia Pacific?","Asia Pacific collection rate of 53% significantly lags behind Europe's 76.7%. Key barriers include inadequate infrastructure, limited deposit return systems, and fragmented waste management. Investment in collection infrastructure and partnerships with local governments could improve rates by 15-20% within 2 years.",0.87,PackagingAgent,"PackagingData, RegionalData","Invest in collection infrastructure, establish deposit return systems, partner with local waste management companies, implement consumer education programs",High,New,"collection, asia-pacific, infrastructure",2024-10-15T09:30:00Z,2024-10-15T10:30:00Z
3,"What are the best packaging materials for sustainability?","Analysis shows rPET (recycled PET) offers the best sustainability profile with 95.5% recycled content and 100% recyclability. Plant fiber materials achieve 100% recyclability with lowest carbon footprint (0.032 kg CO2e). Aluminum cans provide excellent recyclability but higher carbon intensity.",0.89,PackagingAgent,"PackagingData, SupplyChainData","Increase rPET usage, expand plant fiber applications, optimize aluminum can lightweighting, phase out problematic materials",Medium,Reviewed,"materials, packaging, sustainability",2024-10-15T10:00:00Z,2024-10-15T10:30:00Z
4,"Show me the latest regulatory compliance status","CCEP maintains 94.2% regulatory compliance globally. Key areas requiring attention: Corporate Sustainability Reporting Directive (CSRD) implementation, Deforestation Regulation compliance, and Carbon Pricing Mechanism preparation in Asia Pacific. 5 high-risk regulations need immediate action.",0.91,RegulatoryAgent,"RegulatoryCompliance","Prioritize CSRD implementation, establish deforestation due diligence framework, prepare for carbon pricing mechanisms, allocate compliance resources",High,InProgress,"compliance, regulations, risk",2024-10-15T10:45:00Z,2024-10-15T10:30:00Z
5,"Analyze our supplier sustainability performance","Supplier sustainability scores average 8.0 globally (Europe: 8.2, Asia Pacific: 7.8). Top performers include Huhtamaki (9.4), Ball Corporation (9.1), and Smurfit Kappa (9.3). High-risk suppliers identified: Avantium (7.2), NatureWorks (7.5), and Novolex (6.8) require development programs.",0.85,SupplyChainAgent,"SupplyChainData","Implement supplier development programs for low-scoring suppliers, expand partnerships with high-performing suppliers, establish sustainability requirements in contracts",Medium,New,"suppliers, performance, risk",2024-10-15T11:00:00Z,2024-10-15T10:30:00Z
6,"What is the ROI of our sustainability investments?","Sustainability investments show positive ROI across multiple areas: renewable energy (3.2x ROI, 18-month payback), packaging optimization (2.8x ROI, 24-month payback), and waste reduction (4.1x ROI, 12-month payback). Total sustainability CAPEX of €250M expected to generate €680M value over 5 years.",0.83,PackagingAgent,"Financial Data, KPITracking","Accelerate high-ROI investments, prioritize waste reduction initiatives, expand renewable energy projects, track and communicate value creation",High,Reviewed,"roi, investment, value",2024-10-15T11:15:00Z,2024-10-15T10:30:00Z
7,"Predict our 2025 sustainability performance","Predictive models indicate 95% probability of achieving recyclable packaging target (100%), 78% probability for recycled content target (50% in PET), and 65% probability for collection rate targets. GHG reduction likely to reach 25-28% by 2025, requiring additional measures for 30% target.",0.79,EmissionAgent,"Historical Trends, KPITracking","Accelerate recycled content procurement, invest in collection infrastructure, implement additional GHG reduction measures, monitor progress quarterly",High,New,"prediction, 2025, targets",2024-10-15T11:30:00Z,2024-10-15T10:30:00Z
8,"Identify key sustainability risks and opportunities","Key risks: Asia Pacific collection rate shortfall (23% gap), regulatory compliance costs (€45M annually), supply chain disruptions. Key opportunities: advanced recycling technologies (€120M value potential), circular economy business models (€200M revenue potential), carbon credit generation (€35M annually).",0.88,SupplyChainAgent,"Risk Assessment, Market Analysis","Develop risk mitigation strategies, invest in advanced recycling, explore circular business models, establish carbon credit programs",High,InProgress,"risks, opportunities, strategy",2024-10-15T11:45:00Z,2024-10-15T10:30:00Z
9,"Compare our performance with industry benchmarks","CCEP outperforms industry average in recyclable packaging (87.3% vs 82%), renewable energy (65.8% vs 58%), and supplier sustainability (8.0 vs 7.2). Lags in recycled content (42.1% vs 45%) and water efficiency (14.3% vs 16%). Overall sustainability ranking: top quartile in beverage industry.",0.86,PackagingAgent,"Industry Benchmarks, KPITracking","Focus on recycled content improvement, enhance water efficiency programs, maintain leadership in recyclable packaging, share best practices",Medium,Reviewed,"benchmarking, industry, performance",2024-10-15T12:00:00Z,2024-10-15T10:30:00Z
10,"What are the emerging sustainability trends?","Emerging trends impacting CCEP: chemical recycling scaling (50% cost reduction by 2026), digital product passports (mandatory by 2026), biodegradable packaging materials (15% market growth), AI-powered sustainability optimization (30% efficiency gains), and blockchain supply chain traceability.",0.81,RegulatoryAgent,"Market Research, Technology Trends","Pilot chemical recycling partnerships, prepare for digital passport requirements, evaluate biodegradable materials, implement AI optimization tools",Medium,New,"trends, innovation, future",2024-10-15T12:15:00Z,2024-10-15T10:30:00Z
11,"Analyze the correlation between investment and performance","Strong positive correlation (r=0.78) between sustainability investment and GHG reduction performance. Collection rate improvements show moderate correlation (r=0.65) with infrastructure investment. Supplier sustainability scores correlate strongly (r=0.82) with engagement program investment. ROI optimization opportunities identified.",0.84,EmissionAgent,"Investment Data, Performance Metrics","Optimize investment allocation based on correlation analysis, increase infrastructure investment in Asia Pacific, expand supplier engagement programs",Medium,Reviewed,"correlation, investment, optimization",2024-10-15T12:30:00Z,2024-10-15T10:30:00Z
12,"What is our carbon footprint breakdown by source?","Carbon footprint breakdown: Packaging 38%, Operations 28%, Transportation 18%, Supply Chain 12%, Refrigeration 4%. Packaging remains largest contributor despite 20% reduction. Operations emissions declining due to renewable energy adoption. Transportation optimization opportunities in last-mile delivery.",0.90,EmissionAgent,"EmissionData, Operations Data","Continue packaging optimization, accelerate renewable energy transition, optimize transportation routes, improve cold chain efficiency",High,Reviewed,"carbon, footprint, sources",2024-10-15T12:45:00Z,2024-10-15T10:30:00Z
13,"Evaluate our circular economy progress","Circular economy progress: 87.3% recyclable packaging, 42.1% recycled content, 67.2% collection rate globally. Circular design principles implemented in 78% of new products. Material loops closed for 65% of packaging materials. Waste-to-resource conversion at 82% of facilities.",0.87,PackagingAgent,"Packaging Data, Circular Metrics","Increase recycled content procurement, improve collection infrastructure, expand circular design implementation, enhance waste-to-resource programs",Medium,InProgress,"circular, economy, progress",2024-10-15T13:00:00Z,2024-10-15T10:30:00Z
14,"Assess climate resilience of our operations","Climate risk assessment shows medium-high vulnerability in 35% of facilities, primarily in Asia Pacific coastal areas. Water stress affects 28% of operations. Extreme weather events caused 12 days of production disruption in 2024. Adaptation measures implemented at 67% of high-risk facilities.",0.82,EmissionAgent,"Climate Risk Data, Operations","Accelerate climate adaptation measures, implement water stress mitigation, enhance extreme weather preparedness, diversify supply sources",High,New,"climate, resilience, adaptation",2024-10-15T13:15:00Z,2024-10-15T10:30:00Z
15,"Optimize our sustainability reporting strategy","Current reporting covers 15 frameworks (GRI, SASB, TCFD, etc.) with 89% data completeness. Stakeholder feedback indicates need for more forward-looking metrics and scenario analysis. Assurance costs represent 12% of reporting budget. Digital reporting adoption at 45%.",0.85,RegulatoryAgent,"Reporting Data, Stakeholder Feedback","Enhance forward-looking metrics, expand scenario analysis, optimize assurance approach, accelerate digital reporting adoption",Medium,InProgress,"reporting, optimization, stakeholders",2024-10-15T13:30:00Z,2024-10-15T10:30:00Z
